{
	"info": {
		"_postman_id": "cf195e35-8690-4e6e-9788-9428e8f27c07",
		"name": "College",
		"schema": "https://schema.getpostman.com/json/collection/v2.1.0/collection.json"
	},
	"item": [
		{
			"name": "Get levels",
			"request": {
				"method": "GET",
				"header": [],
				"url": {
					"raw": "127.0.0.1:3000/levels",
					"host": [
						"127",
						"0",
						"0",
						"1"
					],
					"port": "3000",
					"path": [
						"levels"
					]
				}
			},
			"response": []
		},
		{
			"name": "Get subjects",
			"request": {
				"method": "GET",
				"header": [],
				"url": {
					"raw": "127.0.0.1:3000/subjects",
					"host": [
						"127",
						"0",
						"0",
						"1"
					],
					"port": "3000",
					"path": [
						"subjects"
					]
				}
			},
			"response": []
		},
		{
			"name": "Get students",
			"request": {
				"method": "GET",
				"header": [],
				"url": {
					"raw": "127.0.0.1:3000/students",
					"host": [
						"127",
						"0",
						"0",
						"1"
					],
					"port": "3000",
					"path": [
						"students"
					]
				}
			},
			"response": []
		},
		{
			"name": "Get notes",
			"request": {
				"method": "GET",
				"header": [],
				"url": {
					"raw": "127.0.0.1:3000/notes",
					"host": [
						"127",
						"0",
						"0",
						"1"
					],
					"port": "3000",
					"path": [
						"notes"
					]
				}
			},
			"response": []
		},
		{
			"name": "Add level",
			"request": {
				"method": "POST",
				"header": [],
				"body": {
					"mode": "raw",
					"raw": "{\n    \"name\":\"6eme\"\n}",
					"options": {
						"raw": {
							"language": "json"
						}
					}
				},
				"url": {
					"raw": "127.0.0.1:3000/levels",
					"host": [
						"127",
						"0",
						"0",
						"1"
					],
					"port": "3000",
					"path": [
						"levels"
					]
				}
			},
			"response": []
		},
		{
			"name": "Add subject",
			"request": {
				"method": "POST",
				"header": [],
				"body": {
					"mode": "raw",
					"raw": "{\n    \"name\":\"Francais\"\n}",
					"options": {
						"raw": {
							"language": "json"
						}
					}
				},
				"url": {
					"raw": "127.0.0.1:3000/subjects",
					"host": [
						"127",
						"0",
						"0",
						"1"
					],
					"port": "3000",
					"path": [
						"subjects"
					]
				}
			},
			"response": []
		},
		{
			"name": "Add student",
			"request": {
				"method": "POST",
				"header": [],
				"body": {
					"mode": "raw",
					"raw": "{\n    \"firstName\":\"Greg\",\n    \"lastName\":\"Ribaloff\",\n    \"birthday\":\"1982-08-04\",\n    \"LevelId\":1\n}",
					"options": {
						"raw": {
							"language": "json"
						}
					}
				},
				"url": {
					"raw": "127.0.0.1:3000/students",
					"host": [
						"127",
						"0",
						"0",
						"1"
					],
					"port": "3000",
					"path": [
						"students"
					]
				}
			},
			"response": []
		},
		{
			"name": "Add note",
			"request": {
				"method": "POST",
				"header": [],
				"body": {
					"mode": "raw",
					"raw": "{\n   \"StudentId\": 1,\n   \"SubjectId\": 1,\n   \"note\": 15,\n   \"date\": \"2020-12-22\"\n}",
					"options": {
						"raw": {
							"language": "json"
						}
					}
				},
				"url": {
					"raw": "127.0.0.1:3000/notes",
					"host": [
						"127",
						"0",
						"0",
						"1"
					],
					"port": "3000",
					"path": [
						"notes"
					]
				}
			},
			"response": []
		}
	],
	"protocolProfileBehavior": {}
}